-- 在执行INSERT前先清空相关表数据防止冲突
DELETE FROM salary_change_history;
DELETE FROM payslips;
DELETE FROM employee_salaries;
DELETE FROM employees;
DELETE FROM positions;
DELETE FROM departments;
DELETE FROM bonus_scheme;
DELETE FROM salary_adjust_rule;
DELETE FROM salary_grade;
DELETE FROM performance_evaluation;
DELETE FROM performance_level;
DELETE FROM performance_criteria;
DELETE FROM leave_records;
DELETE FROM attendance_records;
DELETE FROM salary_items;
DELETE FROM salary_records;
DELETE FROM user_roles;
DELETE FROM role_permissions;
DELETE FROM users;
DELETE FROM roles;
DELETE FROM permissions;

-- 初始化权限表数据
INSERT INTO permissions (permission_id, permission_code, description) VALUES
  (1, 'user:read', '允许查看基础信息'),
  (2, 'employee:read', '允许员工权限读'),
  (3, 'employee:write', '允许员工权限写'),
  (4, 'admin:all', '允许系统权限操作');

-- 初始化角色表数据
INSERT INTO roles (role_id, role_name, display_name, description) VALUES
  (1, 'USER', '默认角色', '基本用户'),
  (2, 'EMPLOYEE', '员工', '普通员工角色'),
  (3, 'ADMIN', '管理员', '系统管理员角色');

-- 初始化角色-权限关联数据
INSERT INTO role_permissions (role_id, permission_id) VALUES
  (1, 1),
  (3, 1),
  (2, 1),
  (2, 2),
  (3, 2),
  (2, 3),
  (3, 3),
  (3, 4);

-- 初始化部门数据
INSERT INTO departments (department_id, name, description) VALUES
  (1, '人力资源部', '部门：人力资源部'),
  (2, '信息技术部', '部门：信息技术部'),
  (3, '财务部', '部门：财务部'),
  (4, '市场部', '部门：市场部'),
  (5, '销售部', '部门：销售部');

-- 初始化职位数据
INSERT INTO positions (position_id, title, base_salary, department_id) VALUES
  (1, '人力资源经理', 15000.0, 1),
  (2, '人力资源专员', 8000.0, 1),
  (3, 'IT经理', 18000.0, 2),
  (4, '高级开发工程师', 15000.0, 2),
  (5, '开发工程师', 10000.0, 2),
  (6, '财务经理', 16000.0, 3),
  (7, '会计', 9000.0, 3),
  (8, '市场经理', 14000.0, 4),
  (9, '市场专员', 8000.0, 4),
  (10, '销售经理', 12000.0, 5),
  (11, '销售代表', 6000.0, 5);

-- 初始化用户数据
INSERT INTO users (user_id, username, name, password, email, enabled) VALUES
  ('42688416-cbf3-463d-8a06-c6d970e249b7', 'admin', '管理员', 'admin123', 'admin@example.com', 1),
  ('b20be557-39c7-42eb-9b61-342a0a183d42', 'hrmanager', '人力经理', 'hr123', 'hrmanager@example.com', 1),
  ('a5111e36-9774-45e7-b58f-cdf92a7cea0c', 'itmanager', 'IT经理', 'it123', 'itmanager@example.com', 1),
  ('8406af7d-a62a-41b7-8d3f-d2d58171c714', 'developer', '开发者', 'dev123', 'developer@example.com', 1),
  ('67998b38-7870-478b-bfbf-9e7eb927c579', 'finance', '财务', 'fin123', 'finance@example.com', 1);

-- 初始化用户-角色关联数据
INSERT INTO user_roles (user_id, role_id) VALUES
  ('42688416-cbf3-463d-8a06-c6d970e249b7', 3),
  ('b20be557-39c7-42eb-9b61-342a0a183d42', 2),
  ('a5111e36-9774-45e7-b58f-cdf92a7cea0c', 2),
  ('8406af7d-a62a-41b7-8d3f-d2d58171c714', 2),
  ('67998b38-7870-478b-bfbf-9e7eb927c579', 2);

-- 初始化员工数据
INSERT INTO employees (employee_id, first_name, last_name, gender, birth_date, hire_date, id_number, department_id, position_id, user_id) VALUES
  (1, '张', '伟', '男', '1985-05-15', '2018-01-10', '110101198505150011', 1, 1, 'b20be557-39c7-42eb-9b61-342a0a183d42'),
  (2, '李', '强', '男', '1980-07-22', '2017-03-15', '110101198007220033', 2, 3, 'a5111e36-9774-45e7-b58f-cdf92a7cea0c'),
  (3, '王', '芳', '女', '1990-03-08', '2019-06-01', '110101199003080022', 2, 5, '8406af7d-a62a-41b7-8d3f-d2d58171c714'),
  (4, '赵', '敏', '女', '1988-11-12', '2018-09-01', '110101198811120044', 3, 7, '67998b38-7870-478b-bfbf-9e7eb927c579'),
  (5, '刘', '伟', '男', '1987-08-20', '2019-02-15', '110101198708200055', 4, 8, NULL),
  (6, '陈', '晓', '女', '1992-04-05', '2020-01-10', '110101199204050066', 5, 10, NULL),
  (7, '杨', '勇', '男', '1986-09-15', '2017-05-20', '110101198609150077', 2, 4, NULL),
  (8, '周', '丽', '女', '1991-01-30', '2019-08-05', '110101199101300088', 3, 6, NULL),
  (9, '吴', '强', '男', '1984-12-10', '2018-03-15', '110101198412100099', 1, 2, NULL),
  (10, '郑', '艳', '女', '1993-06-22', '2020-07-01', '110101199306220100', 4, 9, NULL),
  (11, '孙', '宇', '男', '1989-03-18', '2019-01-15', '110101198903180111', 5, 11, NULL),
  (12, '钱', '丽', '女', '1990-11-25', '2020-03-10', '110101199011250122', 3, 7, NULL),
  (13, '朱', '强', '男', '1985-07-08', '2018-06-20', '110101198507080133', 2, 5, NULL),
  (14, '胡', '静', '女', '1991-09-17', '2019-11-05', '110101199109170144', 1, 2, NULL),
  (15, '林', '波', '男', '1988-05-23', '2018-08-15', '110101198805230155', 5, 11, NULL),
  (16, '何', '琳', '女', '1993-12-06', '2020-09-01', '110101199312060166', 4, 9, NULL),
  (17, '沈', '强', '男', '1986-02-14', '2017-07-10', '110101198602140177', 2, 5, NULL),
  (18, '王', '丽', '女', '1992-08-28', '2019-04-15', '110101199208280188', 3, 7, NULL),
  (19, '李', '鹏', '男', '1984-10-19', '2018-05-20', '110101198410190199', 1, 2, NULL),
  (20, '张', '雪', '女', '1991-03-12', '2020-02-10', '110101199103120200', 5, 11, NULL),
  (21, '刘', '军', '男', '1987-06-30', '2019-03-15', '110101198706300211', 2, 5, NULL),
  (22, '陈', '明', '男', '1989-01-25', '2018-12-01', '110101198901250222', 4, 8, NULL),
  (23, '赵', '莉', '女', '1990-07-16', '2019-09-10', '110101199007160233', 3, 7, NULL),
  (24, '杨', '光', '男', '1988-04-09', '2018-11-15', '110101198804090244', 5, 10, NULL),
  (25, '周', '红', '女', '1992-11-03', '2020-04-01', '110101199211030255', 1, 2, NULL);

-- 初始化员工薪资数据
INSERT INTO employee_salaries (id, employee_id, base_salary, performance_bonus, allowance, social_insurance, effective_date, is_active) VALUES
  (1, 1, 15000.0, 3000.0, 1500.0, 0.0, '2022-01-01', 1),
  (2, 2, 18000.0, 4000.0, 2000.0, 0.0, '2022-01-01', 1),
  (3, 3, 10000.0, 2000.0, 1000.0, 0.0, '2022-01-01', 1),
  (4, 4, 9000.0, 1500.0, 800.0, 0.0, '2022-01-01', 1),
  (5, 5, 14000.0, 2800.0, 1400.0, 0.0, '2022-01-01', 1),
  (6, 6, 12000.0, 2400.0, 1200.0, 0.0, '2022-01-01', 1),
  (7, 7, 15000.0, 3000.0, 1500.0, 0.0, '2022-01-01', 1),
  (8, 8, 16000.0, 3200.0, 1600.0, 0.0, '2022-01-01', 1),
  (9, 9, 8000.0, 1600.0, 800.0, 0.0, '2022-01-01', 1),
  (10, 10, 8000.0, 1600.0, 800.0, 0.0, '2022-01-01', 1),
  (11, 11, 6000.0, 1200.0, 600.0, 0.0, '2022-01-01', 1),
  (12, 12, 9000.0, 1800.0, 900.0, 0.0, '2022-01-01', 1),
  (13, 13, 10000.0, 2000.0, 1000.0, 0.0, '2022-01-01', 1),
  (14, 14, 8000.0, 1600.0, 800.0, 0.0, '2022-01-01', 1),
  (15, 15, 6000.0, 1200.0, 600.0, 0.0, '2022-01-01', 1),
  (16, 16, 8000.0, 1600.0, 800.0, 0.0, '2022-01-01', 1),
  (17, 17, 10000.0, 2000.0, 1000.0, 0.0, '2022-01-01', 1),
  (18, 18, 9000.0, 1800.0, 900.0, 0.0, '2022-01-01', 1),
  (19, 19, 8000.0, 1600.0, 800.0, 0.0, '2022-01-01', 1),
  (20, 20, 6000.0, 1200.0, 600.0, 0.0, '2022-01-01', 1),
  (21, 21, 10000.0, 2000.0, 1000.0, 0.0, '2022-01-01', 1),
  (22, 22, 14000.0, 2800.0, 1400.0, 0.0, '2022-01-01', 1),
  (23, 23, 9000.0, 1800.0, 900.0, 0.0, '2022-01-01', 1),
  (24, 24, 12000.0, 2400.0, 1200.0, 0.0, '2022-01-01', 1),
  (25, 25, 8000.0, 1600.0, 800.0, 0.0, '2022-01-01', 1);

-- 初始化薪资等级
INSERT INTO salary_grade (id, grade_code, grade_name, level, department, min_salary, max_salary, description) VALUES
  (1, 'G001', 'P1', 1, '技术部', 8000.0, 12000.0, '初级工程师薪资等级'),
  (2, 'G002', 'P2', 2, '技术部', 12000.0, 18000.0, '中级工程师薪资等级'),
  (3, 'G003', 'P3', 3, '技术部', 18000.0, 25000.0, '高级工程师薪资等级'),
  (4, 'G004', 'M1', 1, '销售部', 10000.0, 15000.0, '初级销售薪资等级'),
  (5, 'G005', 'M2', 2, '销售部', 15000.0, 20000.0, '中级销售薪资等级'),
  (6, 'G006', 'M3', 3, '销售部', 20000.0, 30000.0, '高级销售薪资等级');

-- 初始化薪资调整规则
INSERT INTO salary_adjust_rule (id, rule_code, rule_name, rule_type, apply_to, ratio_type, adjust_ratio, effective_date, description) VALUES
  (1, 'AR001', '年度绩效调薪', '绩效调薪', '全员', 'range', '[{\"level\":\"A\",\"ratio\":0.1},{\"level\":\"B\",\"ratio\":0.05},{\"level\":\"C\",\"ratio\":0.02},{\"level\":\"D\",\"ratio\":0}]', '2023-04-01', '根据年度绩效考核结果调整基本工资'),
  (2, 'AR002', '职级晋升调薪', '晋升调薪', '全员', 'fixed', '0.15', '2023-01-01', '员工职级晋升后调整基本工资');

-- 初始化奖金方案
INSERT INTO bonus_scheme (scheme_code, scheme_name, department, year, formula_type, formula_detail, total_budget, description, approval_status, created_by) VALUES
  ('BS001', '年终奖金方案', '全部部门', '2023', '基础工资倍数', '{\"average\":2,\"excellent\":4,\"poor\":1,\"good\":3}', 4500000.0, '根据年度绩效评估结果确定年终奖金倍数', '已批准', '管理员'),
  ('BS002', '销售季度奖金方案', '销售部', '2023', '销售业绩比例', '{\"overTarget150\":0.15,\"belowTarget\":0,\"overTarget100\":0.05,\"overTarget120\":0.1}', 800000.0, '根据季度销售业绩完成比例发放季度奖金', '已批准', '管理员'),
  ('BS003', '技术创新奖金方案', '技术部', '2023', '固定金额+项目贡献', '{\"basePart\":5000,\"projectContribution\":\"根据项目价值评估\"}', 600000.0, '奖励技术创新和重要项目贡献', '已批准', '管理员'),
  ('BS004', '财务部绩效奖金方案', '财务部', '2023', '固定金额', '{\"average\":5000,\"excellent\":10000,\"poor\":2000,\"good\":8000}', 300000.0, '根据年度绩效评估发放固定金额奖金', '已批准', '管理员');

-- 初始化工资单数据
INSERT INTO payslips (id, employee_id, month, base_salary, performance_salary, overtime_pay, other_bonus, social_insurance, housing_fund, income_tax, other_deduction, total_salary, total_deduction, actual_salary, status, create_time, distribute_time) VALUES
  (1, 1, '2023-06', 15000.0, 3000.0, 0.0, 1500.0, 1500.0, 1050.0, 985.0, 0.0, 19500.0, 3535.0, 15965.0, 'distributed', '2023-06-28 07:00:00', '2023-07-05 02:00:00'),
  (2, 1, '2023-07', 15000.0, 3000.0, 0.0, 1500.0, 1500.0, 1050.0, 985.0, 0.0, 19500.0, 3535.0, 15965.0, 'generated', '2023-07-28 07:00:00', NULL),
  (3, 1, '2023-08', 15000.0, 3000.0, 0.0, 1500.0, 1500.0, 1050.0, 985.0, 0.0, 19500.0, 3535.0, 15965.0, 'generated', '2023-08-28 07:00:00', NULL),
  (4, 2, '2023-06', 18000.0, 4000.0, 0.0, 2000.0, 1800.0, 1260.0, 1778.0, 0.0, 24000.0, 4838.0, 19162.0, 'distributed', '2023-06-28 07:00:00', '2023-07-05 02:00:00'),
  (5, 2, '2023-07', 18000.0, 4000.0, 0.0, 2000.0, 1800.0, 1260.0, 1778.0, 0.0, 24000.0, 4838.0, 19162.0, 'generated', '2023-07-28 07:00:00', NULL),
  (6, 2, '2023-08', 18000.0, 4000.0, 0.0, 2000.0, 1800.0, 1260.0, 1778.0, 0.0, 24000.0, 4838.0, 19162.0, 'generated', '2023-08-28 07:00:00', NULL),
  (7, 3, '2023-06', 10000.0, 2000.0, 0.0, 1000.0, 1000.0, 700.0, 420.0, 0.0, 13000.0, 2120.0, 10880.0, 'distributed', '2023-06-28 07:00:00', '2023-07-05 02:00:00'),
  (8, 3, '2023-07', 10000.0, 2000.0, 0.0, 1000.0, 1000.0, 700.0, 420.0, 0.0, 13000.0, 2120.0, 10880.0, 'generated', '2023-07-28 07:00:00', NULL),
  (9, 3, '2023-08', 10000.0, 2000.0, 0.0, 1000.0, 1000.0, 700.0, 420.0, 0.0, 13000.0, 2120.0, 10880.0, 'generated', '2023-08-28 07:00:00', NULL),
  (10, 4, '2023-06', 9000.0, 1500.0, 0.0, 800.0, 900.0, 630.0, 267.0, 0.0, 11300.0, 1797.0, 9503.0, 'distributed', '2023-06-28 07:00:00', '2023-07-05 02:00:00'),
  (11, 4, '2023-07', 9000.0, 1500.0, 0.0, 800.0, 900.0, 630.0, 267.0, 0.0, 11300.0, 1797.0, 9503.0, 'generated', '2023-07-28 07:00:00', NULL),
  (12, 4, '2023-08', 9000.0, 1500.0, 0.0, 800.0, 900.0, 630.0, 267.0, 0.0, 11300.0, 1797.0, 9503.0, 'generated', '2023-08-28 07:00:00', NULL);

-- 初始化薪资变更历史
INSERT INTO salary_change_history (id, employee_id, change_date, changed_field, old_value, new_value, reason, operator) VALUES
  (1, 1, '2022-01-01 01:00:00', '基本工资', '13000', '15000', '年度调薪', 'admin'),
  (2, 2, '2022-03-15 02:30:00', '绩效奖金', '3000', '4000', '绩效提升', 'admin');

-- 初始化绩效等级
INSERT INTO performance_level (id, level, name, min_score, max_score, bonus_ratio, description) VALUES
  (1, 'A', '卓越', 90, 100, 0.2, '表现卓越，超出期望'),
  (2, 'B', '优秀', 80, 89, 0.1, '表现优秀，达到期望'),
  (3, 'C', '良好', 70, 79, 0.05, '表现良好，基本达到期望'),
  (4, 'D', '需改进', 60, 69, 0.0, '表现一般，需要改进'),
  (5, 'E', '不合格', 0, 59, -0.1, '表现不合格，未达到基本期望');

-- 初始化绩效评估标准
INSERT INTO performance_criteria (id, name, weight, department, position, items, description) VALUES
  (1, '工作表现', 0.4, NULL, NULL, '[{\"name\":\"工作质量\",\"weight\":0.3,\"description\":\"工作成果的质量、准确性和完整性\"},{\"name\":\"工作效率\",\"weight\":0.3,\"description\":\"任务完成的速度和资源利用效率\"},{\"name\":\"专业能力\",\"weight\":0.4,\"description\":\"专业知识的应用和解决问题的能力\"}]', '评估员工工作表现的标准'),
  (2, '目标达成', 0.3, NULL, NULL, '[{\"name\":\"季度KPI\",\"weight\":0.6,\"description\":\"季度KPI的完成情况\"},{\"name\":\"项目完成情况\",\"weight\":0.4,\"description\":\"负责项目的进度、质量和成果\"}]', '评估员工目标达成的标准'),
  (3, '团队协作', 0.2, NULL, NULL, '[{\"name\":\"沟通能力\",\"weight\":0.5,\"description\":\"沟通顺畅，及时反馈\"},{\"name\":\"协作意识\",\"weight\":0.5,\"description\":\"积极配合团队工作\"}]', '评估员工团队协作的标准'),
  (4, '创新与成长', 0.1, NULL, NULL, '[{\"name\":\"学习能力\",\"weight\":0.4,\"description\":\"积极学习新技术\"},{\"name\":\"创新思维\",\"weight\":0.6,\"description\":\"提出多项改进建议\"}]', '评估员工创新与成长的标准'),
  (5, '技术创新', 0.15, '技术部', NULL, '[{\"name\":\"技术方案创新\",\"weight\":0.6,\"description\":\"提出创新的技术方案和解决思路\"},{\"name\":\"技术分享\",\"weight\":0.4,\"description\":\"积极参与技术分享和知识传播\"}]', '技术部门特有的评估标准'),
  (6, '销售业绩', 0.2, '销售部', NULL, '[{\"name\":\"销售额达成率\",\"weight\":0.7,\"description\":\"销售目标的实际达成比例\"},{\"name\":\"新客户开发\",\"weight\":0.3,\"description\":\"新客户的开发数量和质量\"}]', '销售部门特有的评估标准');

-- 初始化绩效评估
INSERT INTO performance_evaluation (id, evaluation_code, employee_id, year, quarter, evaluation_period, score, level, status, evaluator, evaluation_date, confirm_date, manager_comments, employee_comments, improvement_plan, next_goals, evaluation_details) VALUES
  (1, 'PE000123', 2, '2023', 'Q2', '2023年第二季度', 85.0, 'A', '已确认', '李总', '2023-07-05', '2023-07-10', '总体表现优秀，建议继续保持', '感谢领导的肯定，会继续努力', '建议进一步加强项目管理能力', '[\"提高代码覆盖率至95%\",\"推动团队技术分享活动\",\"完成新系统架构设计\"]', '{\"categories\":[{\"name\":\"工作表现\",\"weight\":0.4,\"items\":[{\"name\":\"工作质量\",\"score\":90,\"weight\":0.3,\"comment\":\"代码质量高，测试覆盖率达标\"},{\"name\":\"工作效率\",\"score\":85,\"weight\":0.3,\"comment\":\"任务完成及时，效率较高\"},{\"name\":\"专业能力\",\"score\":88,\"weight\":0.4,\"comment\":\"技术能力强，解决问题能力突出\"}],\"categoryScore\":87.7},{\"name\":\"目标达成\",\"weight\":0.3,\"items\":[{\"name\":\"季度KPI\",\"score\":85,\"weight\":0.6,\"comment\":\"主要KPI均已达成\"},{\"name\":\"项目完成情况\",\"score\":80,\"weight\":0.4,\"comment\":\"项目按时交付，质量良好\"}],\"categoryScore\":83},{\"name\":\"团队协作\",\"weight\":0.2,\"items\":[{\"name\":\"沟通能力\",\"score\":82,\"weight\":0.5,\"comment\":\"沟通顺畅，及时反馈\"},{\"name\":\"协作意识\",\"score\":85,\"weight\":0.5,\"comment\":\"积极配合团队工作\"}],\"categoryScore\":83.5},{\"name\":\"创新与成长\",\"weight\":0.1,\"items\":[{\"name\":\"学习能力\",\"score\":90,\"weight\":0.4,\"comment\":\"积极学习新技术\"},{\"name\":\"创新思维\",\"score\":85,\"weight\":0.6,\"comment\":\"提出多项改进建议\"}],\"categoryScore\":87}]}'),
  (2, 'PE000124', 3, '2023', 'Q2', '2023年第二季度', 90.0, 'A', '已确认', '李强', '2023-07-06', '2023-07-11', '表现非常出色，特别是在技术创新方面', '感谢领导认可，会继续努力', '建议参与更多团队协作项目', '[\"学习新的框架技术\",\"参与开源项目\",\"提升团队协作能力\"]', '{\"categories\":[{\"name\":\"工作表现\",\"weight\":0.4,\"items\":[{\"name\":\"工作质量\",\"score\":90,\"weight\":0.3,\"comment\":\"代码质量高，测试覆盖率达标\"},{\"name\":\"工作效率\",\"score\":85,\"weight\":0.3,\"comment\":\"任务完成及时，效率较高\"},{\"name\":\"专业能力\",\"score\":88,\"weight\":0.4,\"comment\":\"技术能力强，解决问题能力突出\"}],\"categoryScore\":87.7},{\"name\":\"目标达成\",\"weight\":0.3,\"items\":[{\"name\":\"季度KPI\",\"score\":85,\"weight\":0.6,\"comment\":\"主要KPI均已达成\"},{\"name\":\"项目完成情况\",\"score\":80,\"weight\":0.4,\"comment\":\"项目按时交付，质量良好\"}],\"categoryScore\":83},{\"name\":\"团队协作\",\"weight\":0.2,\"items\":[{\"name\":\"沟通能力\",\"score\":82,\"weight\":0.5,\"comment\":\"沟通顺畅，及时反馈\"},{\"name\":\"协作意识\",\"score\":85,\"weight\":0.5,\"comment\":\"积极配合团队工作\"}],\"categoryScore\":83.5},{\"name\":\"创新与成长\",\"weight\":0.1,\"items\":[{\"name\":\"学习能力\",\"score\":90,\"weight\":0.4,\"comment\":\"积极学习新技术\"},{\"name\":\"创新思维\",\"score\":85,\"weight\":0.6,\"comment\":\"提出多项改进建议\"}],\"categoryScore\":87}]}'),

  -- 增加2023年第3季度数据（添加更多员工评估）
  (15, 'PE000147', 5, '2023', '3', '2023年第三季度', 83.0, 'B', '已确认', '张主管', '2023-10-05', '2023-10-10', '表现良好，市场推广有成效', '感谢领导肯定', '继续提升市场分析能力', '[\"扩大市场覆盖\",\"提高品牌知名度\"]', '{\"categories\":[{\"name\":\"工作表现\",\"weight\":0.4,\"items\":[{\"name\":\"工作质量\",\"score\":83,\"weight\":0.3,\"comment\":\"推广方案质量良好\"},{\"name\":\"工作效率\",\"score\":82,\"weight\":0.3,\"comment\":\"执行效率尚可\"},{\"name\":\"专业能力\",\"score\":84,\"weight\":0.4,\"comment\":\"专业能力不错\"}],\"categoryScore\":83.1}]}'),
  
  (16, 'PE000148', 6, '2023', '3', '2023年第三季度', 88.0, 'A', '已确认', '陈经理', '2023-10-06', '2023-10-11', '销售业绩突出，超额完成任务', '感谢领导的认可', '继续拓展客户资源', '[\"开发高价值客户\",\"提高签单转化率\"]', '{\"categories\":[{\"name\":\"工作表现\",\"weight\":0.4,\"items\":[{\"name\":\"工作质量\",\"score\":88,\"weight\":0.3,\"comment\":\"销售质量高\"},{\"name\":\"工作效率\",\"score\":89,\"weight\":0.3,\"comment\":\"工作效率高\"},{\"name\":\"专业能力\",\"score\":90,\"weight\":0.4,\"comment\":\"专业能力强\"}],\"categoryScore\":89.1}]}'),
  
  (17, 'PE000149', 7, '2023', '3', '2023年第三季度', 91.0, 'A', '已确认', '杨总', '2023-10-07', '2023-10-12', '技术水平高超，解决关键技术难题', '感谢领导信任', '带领团队攻克更多技术难关', '[\"优化系统架构\",\"提升团队技术实力\"]', '{\"categories\":[{\"name\":\"工作表现\",\"weight\":0.4,\"items\":[{\"name\":\"工作质量\",\"score\":92,\"weight\":0.3,\"comment\":\"工作质量极佳\"},{\"name\":\"工作效率\",\"score\":90,\"weight\":0.3,\"comment\":\"效率高\"},{\"name\":\"专业能力\",\"score\":93,\"weight\":0.4,\"comment\":\"专业能力突出\"}],\"categoryScore\":91.9}]}'),
  
  (18, 'PE000150', 8, '2023', '3', '2023年第三季度', 86.0, 'B', '已确认', '周总', '2023-10-08', '2023-10-13', '财务管理规范，报表准确及时', '谢谢领导评价', '进一步优化财务流程', '[\"完善内控体系\",\"提高资金使用效率\"]', '{\"categories\":[{\"name\":\"工作表现\",\"weight\":0.4,\"items\":[{\"name\":\"工作质量\",\"score\":87,\"weight\":0.3,\"comment\":\"报表质量高\"},{\"name\":\"工作效率\",\"score\":85,\"weight\":0.3,\"comment\":\"处理及时\"},{\"name\":\"专业能力\",\"score\":86,\"weight\":0.4,\"comment\":\"专业知识扎实\"}],\"categoryScore\":86}]}'),
  
  (19, 'PE000151', 9, '2023', '3', '2023年第三季度', 84.0, 'B', '已确认', '吴经理', '2023-10-09', '2023-10-14', '人事工作有序开展，员工满意度高', '会继续努力', '优化招聘流程', '[\"提高人才引进质量\",\"完善绩效考核体系\"]', '{\"categories\":[{\"name\":\"工作表现\",\"weight\":0.4,\"items\":[{\"name\":\"工作质量\",\"score\":84,\"weight\":0.3,\"comment\":\"工作标准规范\"},{\"name\":\"工作效率\",\"score\":83,\"weight\":0.3,\"comment\":\"办事效率较高\"},{\"name\":\"专业能力\",\"score\":85,\"weight\":0.4,\"comment\":\"专业素养良好\"}],\"categoryScore\":84.1}]}'),
  
  (20, 'PE000152', 10, '2023', '3', '2023年第三季度', 82.0, 'B', '已确认', '郑主管', '2023-10-10', '2023-10-15', '市场活动策划有创意，执行到位', '感谢领导肯定', '提高市场调研深度', '[\"精准把握客户需求\",\"创新营销方式\"]', '{\"categories\":[{\"name\":\"工作表现\",\"weight\":0.4,\"items\":[{\"name\":\"工作质量\",\"score\":82,\"weight\":0.3,\"comment\":\"活动策划质量好\"},{\"name\":\"工作效率\",\"score\":81,\"weight\":0.3,\"comment\":\"执行效率可提高\"},{\"name\":\"专业能力\",\"score\":83,\"weight\":0.4,\"comment\":\"市场分析能力强\"}],\"categoryScore\":82.1}]}'),
  
  -- 增加2023年第2季度数据（更多员工）
  (21, 'PE000125', 5, '2023', '2', '2023年第二季度', 82.0, 'B', '已确认', '张主管', '2023-07-07', '2023-07-12', '市场工作基本达标，有进步空间', '接受建议，会改进', '需要提高市场分析能力', '[\"加强市场调研\",\"提升数据分析能力\"]', '{\"categories\":[{\"name\":\"工作表现\",\"weight\":0.4,\"items\":[{\"name\":\"工作质量\",\"score\":82,\"weight\":0.3,\"comment\":\"质量尚可\"},{\"name\":\"工作效率\",\"score\":80,\"weight\":0.3,\"comment\":\"效率一般\"},{\"name\":\"专业能力\",\"score\":83,\"weight\":0.4,\"comment\":\"专业知识可加强\"}],\"categoryScore\":81.8}]}'),
  
  (22, 'PE000126', 6, '2023', '2', '2023年第二季度', 87.0, 'A', '已确认', '陈经理', '2023-07-08', '2023-07-13', '销售业绩良好，客户关系维护到位', '谢谢领导肯定', '继续扩大客户群体', '[\"提高大客户覆盖率\",\"优化销售策略\"]', '{\"categories\":[{\"name\":\"工作表现\",\"weight\":0.4,\"items\":[{\"name\":\"工作质量\",\"score\":87,\"weight\":0.3,\"comment\":\"销售质量好\"},{\"name\":\"工作效率\",\"score\":86,\"weight\":0.3,\"comment\":\"效率高\"},{\"name\":\"专业能力\",\"score\":88,\"weight\":0.4,\"comment\":\"专业素养强\"}],\"categoryScore\":87.1}]}'),
  
  (23, 'PE000127', 7, '2023', '2', '2023年第二季度', 90.0, 'A', '已确认', '杨总', '2023-07-09', '2023-07-14', '技术能力出色，项目完成度高', '感谢领导信任', '继续钻研技术难点', '[\"突破关键技术瓶颈\",\"带动团队技术提升\"]', '{\"categories\":[{\"name\":\"工作表现\",\"weight\":0.4,\"items\":[{\"name\":\"工作质量\",\"score\":91,\"weight\":0.3,\"comment\":\"代码质量高\"},{\"name\":\"工作效率\",\"score\":89,\"weight\":0.3,\"comment\":\"开发效率高\"},{\"name\":\"专业能力\",\"score\":92,\"weight\":0.4,\"comment\":\"技术能力强\"}],\"categoryScore\":90.8}]}'),
  
  (24, 'PE000128', 8, '2023', '2', '2023年第二季度', 85.0, 'B', '已确认', '周总', '2023-07-10', '2023-07-15', '财务工作规范，预算控制良好', '谢谢领导评价', '完善财务分析体系', '[\"优化成本控制\",\"提高资金使用效率\"]', '{\"categories\":[{\"name\":\"工作表现\",\"weight\":0.4,\"items\":[{\"name\":\"工作质量\",\"score\":86,\"weight\":0.3,\"comment\":\"财务报表准确\"},{\"name\":\"工作效率\",\"score\":84,\"weight\":0.3,\"comment\":\"处理及时\"},{\"name\":\"专业能力\",\"score\":85,\"weight\":0.4,\"comment\":\"专业知识扎实\"}],\"categoryScore\":85}]}');

-- 初始化考勤记录
INSERT INTO attendance_records (record_id, employee_id, clock_in, clock_out, status) VALUES
  (1, 1, '2025-05-01 00:30:00', '2025-05-01 10:00:00', 'NORMAL'),
  (2, 2, '2025-05-01 00:45:00', '2025-05-01 10:15:00', 'NORMAL'),
  (3, 3, '2025-05-01 00:50:00', '2025-05-01 10:10:00', 'NORMAL'),
  (4, 4, '2025-05-01 00:45:00', '2025-05-01 10:00:00', 'NORMAL'),
  (5, 1, '2025-05-02 00:30:00', '2025-05-02 10:00:00', 'NORMAL'),
  (6, 2, '2025-05-02 00:45:00', '2025-05-02 10:15:00', 'NORMAL'),
  (7, 3, NULL, NULL, 'ABSENT'),
  (8, 4, '2025-05-02 00:45:00', '2025-05-02 10:00:00', 'NORMAL'),
  (9, 5, '2025-05-01 00:40:00', '2025-05-01 10:05:00', 'NORMAL'),
  (10, 6, '2025-05-01 00:35:00', '2025-05-01 09:55:00', 'NORMAL'),
  (11, 7, '2025-05-01 00:50:00', '2025-05-01 10:10:00', 'NORMAL'),
  (12, 8, '2025-05-01 00:45:00', '2025-05-01 10:15:00', 'NORMAL'),
  (13, 9, '2025-05-01 00:30:00', '2025-05-01 10:00:00', 'NORMAL'),
  (14, 10, '2025-05-01 00:40:00', '2025-05-01 10:05:00', 'NORMAL'),
  (15, 5, '2025-05-02 00:40:00', '2025-05-02 10:10:00', 'NORMAL'),
  (16, 6, '2025-05-02 00:35:00', '2025-05-02 09:55:00', 'NORMAL'),
  (17, 7, '2025-05-02 00:50:00', '2025-05-02 10:20:00', 'NORMAL'),
  (18, 8, NULL, NULL, 'ABSENT'),
  (19, 9, '2025-05-02 00:30:00', '2025-05-02 10:00:00', 'NORMAL'),
  (20, 10, '2025-05-02 00:40:00', '2025-05-02 10:05:00', 'NORMAL'),
  (21, 11, '2025-05-01 00:35:00', '2025-05-01 10:00:00', 'NORMAL'),
  (22, 12, '2025-05-01 00:40:00', '2025-05-01 10:10:00', 'NORMAL'),
  (23, 13, '2025-05-01 00:45:00', '2025-05-01 10:15:00', 'NORMAL'),
  (24, 14, '2025-05-01 00:35:00', '2025-05-01 09:55:00', 'NORMAL'),
  (25, 15, '2025-05-01 00:30:00', '2025-05-01 10:00:00', 'NORMAL'),
  (26, 11, '2025-05-02 00:35:00', '2025-05-02 10:00:00', 'NORMAL'),
  (27, 12, '2025-05-02 00:40:00', '2025-05-02 10:10:00', 'NORMAL'),
  (28, 13, '2025-05-02 00:45:00', '2025-05-02 10:15:00', 'NORMAL'),
  (29, 14, NULL, NULL, 'ABSENT'),
  (30, 15, '2025-05-02 00:30:00', '2025-05-02 10:00:00', 'NORMAL');

-- 初始化薪资记录（增加更多员工数据）
INSERT INTO salary_records (salary_id, employee_id, pay_period, total_gross, total_deductions, net_pay, payment_status) VALUES
  (1, 1, '2023-06', 19500.0, 3300.0, 16200.0, 'PAID'),
  (2, 1, '2023-07', 19500.0, 3300.0, 16200.0, 'PENDING'),
  (3, 1, '2023-08', 19500.0, 3300.0, 16200.0, 'PENDING'),
  (4, 2, '2023-06', 24000.0, 4000.0, 20000.0, 'PAID'),
  (5, 2, '2023-07', 24000.0, 4000.0, 20000.0, 'PENDING'),
  (6, 2, '2023-08', 24000.0, 4000.0, 20000.0, 'PENDING'),
  (7, 3, '2023-06', 13000.0, 2200.0, 10800.0, 'PAID'),
  (8, 3, '2023-07', 13000.0, 2200.0, 10800.0, 'PENDING'),
  (9, 3, '2023-08', 13000.0, 2200.0, 10800.0, 'PENDING'),
  (10, 4, '2023-06', 11300.0, 1900.0, 9400.0, 'PAID'),
  (11, 4, '2023-07', 11300.0, 1900.0, 9400.0, 'PENDING'),
  (12, 4, '2023-08', 11300.0, 1900.0, 9400.0, 'PENDING'),
  (13, 5, '2023-06', 18200.0, 3200.0, 15000.0, 'PAID'),
  (14, 5, '2023-07', 18200.0, 3200.0, 15000.0, 'PENDING'),
  (15, 5, '2023-08', 18200.0, 3200.0, 15000.0, 'PENDING'),
  (16, 6, '2023-06', 15600.0, 2600.0, 13000.0, 'PAID'),
  (17, 6, '2023-07', 15600.0, 2600.0, 13000.0, 'PENDING'),
  (18, 6, '2023-08', 15600.0, 2600.0, 13000.0, 'PENDING'),
  (19, 7, '2023-06', 19500.0, 3300.0, 16200.0, 'PAID'),
  (20, 7, '2023-07', 19500.0, 3300.0, 16200.0, 'PENDING'),
  (21, 7, '2023-08', 19500.0, 3300.0, 16200.0, 'PENDING'),
  (22, 8, '2023-06', 20800.0, 3600.0, 17200.0, 'PAID'),
  (23, 8, '2023-07', 20800.0, 3600.0, 17200.0, 'PENDING'),
  (24, 8, '2023-08', 20800.0, 3600.0, 17200.0, 'PENDING'),
  (25, 9, '2023-06', 10400.0, 1800.0, 8600.0, 'PAID'),
  (26, 9, '2023-07', 10400.0, 1800.0, 8600.0, 'PENDING'),
  (27, 9, '2023-08', 10400.0, 1800.0, 8600.0, 'PENDING'),
  (28, 10, '2023-06', 10400.0, 1800.0, 8600.0, 'PAID'),
  (29, 10, '2023-07', 10400.0, 1800.0, 8600.0, 'PENDING'),
  (30, 10, '2023-08', 10400.0, 1800.0, 8600.0, 'PENDING');

-- 增加薪资项目（为更多员工添加数据）
INSERT INTO salary_items (salary_id, item_name, amount, item_type) VALUES
  -- 员工5的薪资项目
  (13, '基本工资', 14000.00, 4),
  (13, '绩效奖金', 2800.00, 4),
  (13, '津贴', 1400.00, 4),
  (13, '社会保险', 1400.00, 3),
  (13, '个人所得税', 1800.00, 3),
  
  (14, '基本工资', 14000.00, 4),
  (14, '绩效奖金', 2800.00, 4),
  (14, '津贴', 1400.00, 4),
  (14, '社会保险', 1400.00, 3),
  (14, '个人所得税', 1800.00, 3),
  
  (15, '基本工资', 14000.00, 4),
  (15, '绩效奖金', 2800.00, 4),
  (15, '津贴', 1400.00, 4),
  (15, '社会保险', 1400.00, 3),
  (15, '个人所得税', 1800.00, 3),
  
  -- 员工6的薪资项目
  (16, '基本工资', 12000.00, 4),
  (16, '绩效奖金', 2400.00, 4),
  (16, '津贴', 1200.00, 4),
  (16, '社会保险', 1200.00, 3),
  (16, '个人所得税', 1400.00, 3),
  
  (17, '基本工资', 12000.00, 4),
  (17, '绩效奖金', 2400.00, 4),
  (17, '津贴', 1200.00, 4),
  (17, '社会保险', 1200.00, 3),
  (17, '个人所得税', 1400.00, 3),
  
  (18, '基本工资', 12000.00, 4),
  (18, '绩效奖金', 2400.00, 4),
  (18, '津贴', 1200.00, 4),
  (18, '社会保险', 1200.00, 3),
  (18, '个人所得税', 1400.00, 3),
  
  -- 员工7的薪资项目
  (19, '基本工资', 15000.00, 4),
  (19, '绩效奖金', 3000.00, 4),
  (19, '津贴', 1500.00, 4),
  (19, '社会保险', 1500.00, 3),
  (19, '个人所得税', 1800.00, 3),
  
  (20, '基本工资', 15000.00, 4),
  (20, '绩效奖金', 3000.00, 4),
  (20, '津贴', 1500.00, 4),
  (20, '社会保险', 1500.00, 3),
  (20, '个人所得税', 1800.00, 3),
  
  (21, '基本工资', 15000.00, 4),
  (21, '绩效奖金', 3000.00, 4),
  (21, '津贴', 1500.00, 4),
  (21, '社会保险', 1500.00, 3),
  (21, '个人所得税', 1800.00, 3),
  
  -- 员工8的薪资项目
  (22, '基本工资', 16000.00, 4),
  (22, '绩效奖金', 3200.00, 4),
  (22, '津贴', 1600.00, 4),
  (22, '社会保险', 1600.00, 3),
  (22, '个人所得税', 2000.00, 3),
  
  (23, '基本工资', 16000.00, 4),
  (23, '绩效奖金', 3200.00, 4),
  (23, '津贴', 1600.00, 4),
  (23, '社会保险', 1600.00, 3),
  (23, '个人所得税', 2000.00, 3),
  
  (24, '基本工资', 16000.00, 4),
  (24, '绩效奖金', 3200.00, 4),
  (24, '津贴', 1600.00, 4),
  (24, '社会保险', 1600.00, 3),
  (24, '个人所得税', 2000.00, 3),
  
  -- 员工9的薪资项目
  (25, '基本工资', 8000.00, 4),
  (25, '绩效奖金', 1600.00, 4),
  (25, '津贴', 800.00, 4),
  (25, '社会保险', 800.00, 3),
  (25, '个人所得税', 1000.00, 3),
  
  (26, '基本工资', 8000.00, 4),
  (26, '绩效奖金', 1600.00, 4),
  (26, '津贴', 800.00, 4),
  (26, '社会保险', 800.00, 3),
  (26, '个人所得税', 1000.00, 3),
  
  (27, '基本工资', 8000.00, 4),
  (27, '绩效奖金', 1600.00, 4),
  (27, '津贴', 800.00, 4),
  (27, '社会保险', 800.00, 3),
  (27, '个人所得税', 1000.00, 3),
  
  -- 员工10的薪资项目
  (28, '基本工资', 8000.00, 4),
  (28, '绩效奖金', 1600.00, 4),
  (28, '津贴', 800.00, 4),
  (28, '社会保险', 800.00, 3),
  (28, '个人所得税', 1000.00, 3),
  
  (29, '基本工资', 8000.00, 4),
  (29, '绩效奖金', 1600.00, 4),
  (29, '津贴', 800.00, 4),
  (29, '社会保险', 800.00, 3),
  (29, '个人所得税', 1000.00, 3),
  
  (30, '基本工资', 8000.00, 4),
  (30, '绩效奖金', 1600.00, 4),
  (30, '津贴', 800.00, 4),
  (30, '社会保险', 800.00, 3),
  (30, '个人所得税', 1000.00, 3);

-- 初始化请假记录
INSERT INTO leave_records (leave_id, employee_id, start_date, end_date, leave_type, status, approver_employee_id) VALUES
  (1, 3, '2025-05-23', '2025-05-25', 'ANNUAL_LEAVE', 'PENDING', 2),
  (2, 4, '2025-05-08', '2025-05-10', 'SICK_LEAVE', 'APPROVED', 1),
  (3, 1, '2025-06-02', '2025-06-02', 'PERSONAL_LEAVE', 'PENDING', NULL),
  (4, 2, '2025-04-28', '2025-05-03', 'ANNUAL_LEAVE', 'APPROVED', NULL),
  (5, 5, '2025-05-15', '2025-05-16', 'ANNUAL_LEAVE', 'APPROVED', 1),
  (6, 6, '2025-06-10', '2025-06-12', 'PERSONAL_LEAVE', 'PENDING', 1),
  (7, 7, '2025-05-20', '2025-05-20', 'SICK_LEAVE', 'APPROVED', 2),
  (8, 8, '2025-05-28', '2025-05-30', 'ANNUAL_LEAVE', 'PENDING', 2),
  (9, 9, '2025-06-05', '2025-06-07', 'PERSONAL_LEAVE', 'APPROVED', 2),
  (10, 10, '2025-05-12', '2025-05-13', 'SICK_LEAVE', 'APPROVED', 1),
  (11, 11, '2025-06-15', '2025-06-20', 'ANNUAL_LEAVE', 'PENDING', 2),
  (12, 12, '2025-05-08', '2025-05-09', 'PERSONAL_LEAVE', 'APPROVED', 1),
  (13, 13, '2025-06-01', '2025-06-01', 'SICK_LEAVE', 'APPROVED', 2),
  (14, 14, '2025-05-18', '2025-05-20', 'ANNUAL_LEAVE', 'APPROVED', 1),
  (15, 15, '2025-06-08', '2025-06-09', 'PERSONAL_LEAVE', 'PENDING', 1),
  (16, 16, '2025-05-25', '2025-05-26', 'SICK_LEAVE', 'APPROVED', 2),
  (17, 17, '2025-06-12', '2025-06-15', 'ANNUAL_LEAVE', 'PENDING', 2),
  (18, 18, '2025-05-05', '2025-05-06', 'PERSONAL_LEAVE', 'APPROVED', 1),
  (19, 19, '2025-06-20', '2025-06-20', 'SICK_LEAVE', 'PENDING', 2),
  (20, 20, '2025-05-10', '2025-05-12', 'ANNUAL_LEAVE', 'APPROVED', 1); 